,Post year,Project Current Status,Rate
0,2013,Expired,26.692743458322095
1,2013,Fully Funded,73.3072565416779
2,2014,Expired,25.111109710200658
3,2014,Fully Funded,74.88889028979933
4,2015,Expired,22.343469180939156
5,2015,Fully Funded,77.65653081906085
6,2016,Expired,27.591257599685783
7,2016,Fully Funded,72.40874240031421
8,2017,Expired,22.01689138260048
9,2017,Fully Funded,77.98310861739952
