,School Metro Type,Project Current Status,Rate
0,rural,Expired,28.460587326120557
1,rural,Fully Funded,71.53941267387944
2,suburban,Expired,26.412298387096776
3,suburban,Fully Funded,73.58770161290323
4,town,Expired,28.887257845688485
5,town,Fully Funded,71.11274215431152
6,urban,Expired,21.766397908040968
7,urban,Fully Funded,78.23360209195903
