,Project Grade Level Category,Project Current Status,Post year
0,Grades 3-5,Expired,25.010218121800012
1,Grades 3-5,Fully Funded,74.98978187819999
2,Grades 6-8,Expired,25.295198599436297
3,Grades 6-8,Fully Funded,74.7048014005637
4,Grades 9-12,Expired,24.444049553208774
5,Grades 9-12,Fully Funded,75.55595044679123
6,Grades PreK-2,Expired,23.928845034974607
7,Grades PreK-2,Fully Funded,76.07115496502539
